<yandex>
<clickhouse_remote_servers>
    <perftest_3shards_1replicas>
        
        <shard>
            <replica>
                <internal_replication>true</internal_replication>
                <host>10.0.0.4</host>
                <port>9000</port>
            </replica>
        </shard>
        <shard>
            <internal_replication>true</internal_replication>
            <replica>
                <host>10.0.0.6</host>
                <port>9000</port>
            </replica>
        </shard>
        <!-- <shard>
            <internal_replication>true</internal_replication>
            <replica>
                <host>10.0.0.8</host>
                <port>9000</port>
            </replica>
        </shard> -->
    </perftest_3shards_1replicas>
</clickhouse_remote_servers>


<zookeeper-servers>
  <!-- <node index="1">
    <host>52.234.211.124</host>
    <port>2181</port>
  </node> -->

  <node index="2">
    <host>10.0.0.4</host>
    <port>2181</port>
  </node>
<!--   
  <node index="3">
    <host>52.231.186.18</host>
    <port>2181</port>
  </node> -->

</zookeeper-servers>

<macros>
    <replica></replica>
</macros>


<networks>
   <ip>::/0</ip>
</networks>


<clickhouse_compression>
<case>
  <min_part_size>10000000000</min_part_size>
                                             
  <min_part_size_ratio>0.01</min_part_size_ratio>                                                                                                                                       
  <method>lz4</method>
</case>
</clickhouse_compression>

</yandex>
            